{ "schema" : "exampleapi_schema.json",
    "schemaVersion" : "1.0",
    "productName" : "Communications Toolbox Support Package for Analog Devices ADALM-Pluto Radio",
    "baseCode" : "PLUTO",
    "helpFolder" : "plutoradio",
    "helpLocation" : "supportpkg\/plutoradio",
    "exampleItems" : 
    [ 
      { "name" : "AMRExample",
        "component" : "comm",
        "title" : "Automatic Meter Reading",
        "description" : "Use Communications Toolbox™ to read utility meters by processing Standard Consumption Message (SCM) signals and Interval Data Message (IDM) signals which are emitted by Encoder-Receiver-Transmitter (ERT) compatible meters. You can either use recorded data from a file, or receive over-the-air signals in real time using an RTL-SDR or ADALM-PLUTO radio.",
        "relative_path" : 
        [ "ug\/automatic-meter-reading.html" ],
        "thumbnail" : "matlab\/help\/examples\/comm\/win64\/amrExampleApp.png",
        "exampleType" : "Script",
        "supporting_files" : 
        [ "amrExampleApp.png",
          "amrIDMPktFormat.png",
          "amrPHYRxFlow.png",
          "amrSCMPktFormat.png",
          "amr_capture_01.bb",
          "helperAMRConfig.m",
          "helperAMRInit.m",
          "helperAMRMessageParser.m",
          "helperAMRRxBitParser.m",
          "helperAMRRxDiscreteEvent.m",
          "helperAMRRxPHY.m",
          "helperAMRViewer.m",
          "AMRMultipleRadios.m",
          "amrExampleFlow.png",
          "ExampleSourceType.m",
          "AMRFieldNames.m",
          "AMRExampleApp.m",
          "helperAMRController.m",
          "runAMRReceiver.m" ],
        "docid_links" : 
        [ 
          { "docid" : "comm_ug#example-AMRSimulinkExample",
            "target" : "..\/..\/comm\/ug\/automatic-meter-reading-in-simulink.html" },
          
          { "docid" : "comm_ref#bvb0lb6",
            "target" : "..\/..\/comm\/ref\/basebandfilereader.html" } ] },
      
      { "name" : "AMRSimulinkExample",
        "component" : "comm",
        "title" : "Automatic Meter Reading in Simulink",
        "description" : "Use Simulink® and Communications Toolbox™ to read utility meters by processing Standard Consumption Message (SCM) or Interval Data Message (IDM) signals emitted by meters. You can either use recorded data from a file, or receive over-the-air signals in real time using the RTL-SDR Radio or ADALM-PLUTO Radio.",
        "relative_path" : 
        [ "ug\/automatic-meter-reading-1.html" ],
        "thumbnail" : "matlab\/help\/examples\/comm\/win64\/amrSimulinkExampleApp.png",
        "exampleType" : "Model",
        "supporting_files" : 
        [ "amrSimulinkExampleApp.png",
          "amrViewer.png",
          "AMRSimulinkModel.slx",
          "AMRSimulinkExampleApp.m",
          "AMRExampleLib.slx",
          "helperAMRViewerAdaptor.m",
          "amr_capture_01.bb",
          "helperAMRConfig.m",
          "helperAMRMessageParser.m",
          "helperAMRRxBitParser.m",
          "helperAMRRxDiscreteEvent.m",
          "helperAMRViewer.m",
          "AMRFieldNames.m",
          "ExampleController.m",
          "ExampleSourceType.m",
          "LogDataController.m",
          "SignalSourceController.m",
          "amrBusObjects.mat",
          "helperAMRController.m" ],
        "docid_links" : 
        [ 
          { "docid" : "comm_ug#example-AMRExample",
            "target" : "..\/..\/comm\/ug\/automatic-meter-reading.html" },
          
          { "docid" : "comm_ref#bvb0lb6",
            "target" : "..\/..\/comm\/ref\/basebandfilereader.html" } ] },
      
      { "name" : "AirplaneTrackingUsingADSBSignalsExample",
        "component" : "comm",
        "title" : "Airplane Tracking Using ADS-B Signals",
        "description" : "Track planes by processing automatic dependent surveillance-broadcast (ADS-B) signals using MATLAB® and Communications Toolbox™. You can use captured signals or receive signals in real time using an RTL-SDR radio, ADALM-PLUTO radio or Universal Software Radio Peripheral (USRP™) radio. You can also visualize the tracked planes on a map using the Mapping Toolbox™ software.",
        "relative_path" : 
        [ "ug\/airplane-tracking-using-ads-b-signals.html" ],
        "thumbnail" : "matlab\/help\/examples\/comm\/win64\/sdrrFlightsOnMap.png",
        "exampleType" : "Script",
        "supporting_files" : 
        [ "helperAdsbRxPhy.m",
          "helperAdsbRxMsgParser.m",
          "ADSBExampleApp.m",
          "ADSBFlowDiagram.png",
          "ADSB_PHY.png",
          "helperAdsbRxPhyBitParser.m",
          "helperAdsbRxPhySync.m",
          "sdrrFlightsOnMap.png",
          "sdrrTrackedFlightsOnApp.png",
          "adsb_capture_01.bb",
          "defaultinputsADSB.mat",
          "helperAdsbViewer.m",
          "helperAdsbRxPhyPacketSearch.m",
          "helperAdsbRxPhyInterpolator.m",
          "helperAdsbPhyPacket.m",
          "helperAdsbController.m",
          "helperAdsbNL.m",
          "helperAdsbConfig.m",
          "helperAdsbBin2Hex.m",
          "sdrrModeSSignalFormat.png",
          "AirplaneE.png",
          "AirplaneN.png",
          "AirplaneNE.png",
          "AirplaneNW.png",
          "AirplaneS.png",
          "AirplaneSE.png",
          "AirplaneSW.png",
          "AirplaneW.png",
          "ADSBCPRFormat.m",
          "ADSBFieldNames.m",
          "ADSBStatus.m",
          "ADSBVehicleCategory.m",
          "ADSBVelocitySubtype.m",
          "ExampleSourceType.m",
          "runADSBReceiver.m",
          "helperAdsbUserInput.m",
          "helperFindPlutoSDR.m",
          "helperFindRTLSDRRadio.m",
          "ExampleController.m",
          "SignalSourceController.m",
          "LogDataController.m",
          "helperFindUSRPRadio.m" ] },
      
      { "name" : "AirplaneTrackingUsingADSBSignalsInSimulinkExample",
        "component" : "comm",
        "title" : "Airplane Tracking Using ADS-B Signals in Simulink",
        "description" : "Track planes by processing automatic dependent surveillance-broadcast (ADS-B) signals using Simulink® and Communications Toolbox™. You can use captured and saved signals, or receive signals in real time using an RTL-SDR radio, an ADALM-PLUTO radio or a Universal Software Radio Peripheral (USRP™) radio. You can also visualize the tracked planes on a map, if you have the Mapping Toolbox™ software.",
        "relative_path" : 
        [ "ug\/airplane-tracking-using-ads-b-signals-1.html" ],
        "thumbnail" : "matlab\/help\/examples\/comm\/win64\/sdrrFlightsOnMap.png",
        "exampleType" : "Model",
        "supporting_files" : 
        [ "ADSBSimulinkExample.slx",
          "sdrrTrackedFlightsOnApp.png",
          "sdrrFlightsOnMap.png",
          "ADSBExampleLib.slx",
          "adsb_capture_01.bb",
          "helperAdsbConfig.m",
          "dataAdsbBusObjects.mat",
          "helperAdsbCheckModelParams.m",
          "AirplaneE.png",
          "AirplaneN.png",
          "AirplaneNE.png",
          "AirplaneNW.png",
          "AirplaneS.png",
          "AirplaneSE.png",
          "AirplaneSW.png",
          "AirplaneW.png",
          "ADSBCPRFormat.m",
          "ADSBFieldNames.m",
          "ADSBStatus.m",
          "ADSBVehicleCategory.m",
          "ADSBVelocitySubtype.m",
          "ExampleSourceType.m",
          "helperAdsbBin2Hex.m",
          "helperAdsbNL.m",
          "helperAdsbPhyPacket.m",
          "helperAdsbRxMsgParserFun.m",
          "helperAdsbRxPhyBitParser.m",
          "helperAdsbRxPhyPacketSearch.m",
          "helperAdsbViewerAdaptor.m",
          "helperAdsbViewer.m" ],
        "docid_links" : 
        [ 
          { "docid" : "comm_ug#example-ADSBExample",
            "target" : "..\/..\/comm\/ug\/airplane-tracking-using-ads-b-signals.html" } ] },
      
      { "name" : "FMBroadcastReceiverExample",
        "component" : "comm",
        "title" : "FM Broadcast Receiver",
        "description" : "Build an FM mono or stereo receiver using MATLAB® and Communications Toolbox™. You can either use captured signals, or receive signals in real time using the RTL-SDR Radio, ADALM-PLUTO Radio or USRP™ Radio.",
        "relative_path" : 
        [ "ug\/fm-broadcast-receiver.html" ],
        "thumbnail" : "matlab\/help\/examples\/comm\/win64\/xxFMReceiverExampleApp.png",
        "exampleType" : "Script",
        "supporting_files" : 
        [ "SignalSourceController.m",
          "ExampleController.m",
          "helperFindPlutoSDR.m",
          "helperFindRTLSDRRadio.m",
          "helperFMConfig.m",
          "helperFMUserInput.m",
          "FMReceiverExampleApp.png",
          "rbds_capture.bb",
          "defaultinputsFM.mat",
          "ExampleSourceType.m",
          "helperFMReceiverController.m",
          "FMReceiverExampleApp.m",
          "helperFMViewer.m",
          "runFMReceiver.m",
          "LogDataController.m",
          "helperFindUSRPRadio.m" ],
        "docid_links" : 
        [ 
          { "docid" : "plutoradio_ref#bvusb68-1",
            "target" : "ref\/configureplutoradio.html" } ] },
      
      { "name" : "FMBroadcastReceiverInSimulinkExample",
        "component" : "comm",
        "title" : "FM Broadcast Receiver in Simulink",
        "description" : "Build an FM mono or stereo receiver using Simulink® and Communications Toolbox™. You can either use captured signals, or receive signals in real time using the RTL-SDR, ADALM-PLUTO or USRP radio.",
        "relative_path" : 
        [ "ug\/fm-broadcast-receiver-in-simulink.html" ],
        "thumbnail" : "matlab\/help\/examples\/comm\/win64\/FMBroadcastReceiverInSimulinkExample_01.png",
        "exampleType" : "Script",
        "supporting_files" : 
        [ "FMReceiverSimulinkExample.slx",
          "helperFMConfig.m" ],
        "docid_links" : 
        [ 
          { "docid" : "comm_ug#example-FMReceiverExample",
            "target" : "..\/..\/comm\/ug\/fm-broadcast-receiver.html" },
          
          { "docid" : "comm_ref#bvb0lb6",
            "target" : "..\/..\/comm\/ref\/basebandfilereader.html" } ] },
      
      { "name" : "RBDSExample",
        "component" : "comm",
        "title" : "RDS\/RBDS and RadioText Plus (RT+) FM Receiver",
        "description" : "Extract program or song information from FM radio stations using the RDS or RBDS standard and, optionally, the RadioText Plus (RT+) standard. You can use a captured signal, or receive signals over-the-air in real time using an RTL-SDR radio, an ADALM-PLUTO radio, or a USRP B200\/B210 radio.",
        "relative_path" : 
        [ "ug\/rds-rbds-and-radiotext-plus-rt-fm-receiver.html" ],
        "thumbnail" : "matlab\/help\/examples\/comm\/win64\/RBDSExample_05.png",
        "exampleType" : "Live Script",
        "supporting_files" : 
        [ "RBDSCostasLoop.m",
          "RBDSDataLinkDecoder.m",
          "RBDSErrorCorrection.m",
          "RBDSExampleApp.m",
          "RBDSErrorDetection.m",
          "RBDSFrequencyDivider.m",
          "RBDSPhyDecoder.m",
          "RBDSSessionDecoder.m",
          "RadioTextPlus3A.m",
          "RadioTextPlusMainGroup.m",
          "helperRBDSConfig.m",
          "helperRBDSInit.m",
          "runRBDSReceiver.m",
          "ExampleController.m",
          "LogDataController.m",
          "SignalSourceController.m",
          "rbds_capture.bb",
          "ExampleSourceType.m",
          "helperFindUSRPRadio.m",
          "helperFindPlutoSDR.m",
          "helperFindRTLSDRRadio.m",
          "helperRBDSController.m",
          "helperRBDSViewer.m",
          "RBDSBiphase1.png",
          "RBDSBiphase2.png",
          "RBDSDemodulation.png",
          "RBDSFMMap.png" ],
        "docid_links" : 
        [ 
          { "docid" : "plutoradio_ug#mw_rtc_RBDSExample_M_459B8F35",
            "target" : "ug\/rds-rbds-and-radiotext-plus-rt-fm-receiver.html#mw_rtc_RBDSExample_M_459B8F35" },
          
          { "docid" : "plutoradio_ug#mw_rtc_RBDSExample_M_1A2D7FDD",
            "target" : "ug\/rds-rbds-and-radiotext-plus-rt-fm-receiver.html#mw_rtc_RBDSExample_M_1A2D7FDD" },
          
          { "docid" : "plutoradio_ug#mw_rtc_RBDSExample_M_1A2D7FDD",
            "target" : "ug\/rds-rbds-and-radiotext-plus-rt-fm-receiver.html#mw_rtc_RBDSExample_M_1A2D7FDD" },
          
          { "docid" : "plutoradio_ug#mw_rtc_RBDSExample_M_1A2D7FDD",
            "target" : "ug\/rds-rbds-and-radiotext-plus-rt-fm-receiver.html#mw_rtc_RBDSExample_M_1A2D7FDD" },
          
          { "docid" : "plutoradio_ug#mw_rtc_RBDSExample_M_1A2D7FDD",
            "target" : "ug\/rds-rbds-and-radiotext-plus-rt-fm-receiver.html#mw_rtc_RBDSExample_M_1A2D7FDD" },
          
          { "docid" : "plutoradio_ug#mw_rtc_RBDSExample_M_1A9D8520",
            "target" : "ug\/rds-rbds-and-radiotext-plus-rt-fm-receiver.html#mw_rtc_RBDSExample_M_1A9D8520" },
          
          { "docid" : "plutoradio_ug#mw_rtc_RBDSExample_M_1A9D8520",
            "target" : "ug\/rds-rbds-and-radiotext-plus-rt-fm-receiver.html#mw_rtc_RBDSExample_M_1A9D8520" } ] },
      
      { "name" : "RBDSInSimulinkExample",
        "component" : "comm",
        "title" : "RDS\/RBDS and RadioText Plus (RT+) FM Receiver in Simulink",
        "description" : "Extract program or song information from FM radio stations using the RDS or RBDS standard and, optionally, the RadioText Plus (RT+) standard. You can use a captured signal, or receive signals over-the-air in real time using an RTL-SDR radio, an ADALM-PLUTO radio, or a USRP B200\/B210 radio.",
        "relative_path" : 
        [ "ug\/rds-rbds-and-radiotext-plus-rt-fm-receiver-1.html" ],
        "thumbnail" : "matlab\/help\/examples\/comm\/win64\/RBDSInSimulinkExample_01.png",
        "exampleType" : "Script",
        "supporting_files" : 
        [ "helperRBDSConfig.m",
          "helperRBDSViewerAdaptor.m",
          "helperRBDSViewer.m",
          "RBDSBiphase1.png",
          "RBDSBiphase2.png",
          "RBDSDemodulation.png",
          "RBDSFMMap.png",
          "RBDSDataLinkDecoder.m",
          "RBDSErrorCorrection.m",
          "RBDSErrorDetection.m",
          "RBDSSessionDecoder.m",
          "rbds_capture.bb",
          "helperRBDSController.m",
          "helperRBDSInit.m",
          "RBDSCostasLoop.m",
          "RBDSExampleApp.m",
          "RBDSFrequencyDivider.m",
          "RBDSPhyDecoder.m",
          "runRBDSReceiver.m",
          "createRBDSBus.m",
          "RBDSlib.slx",
          "RBDSSimulinkExample.slx" ] },
      
      { "name" : "ShipTrackingUsingAISSignalsExample",
        "component" : "comm",
        "title" : "Ship Tracking Using AIS Signals",
        "description" : "Track ships by processing automatic identification system (AIS) signals. You can use captured signals or receive signals in real time using an RTL-SDR radio, an ADALM-PLUTO radio or a USRP™ Radio . You can also show the tracked ships on a map using the Mapping Toolbox™.",
        "relative_path" : 
        [ "ug\/ship-tracking-using-ais-signals-2.html" ],
        "thumbnail" : "matlab\/help\/examples\/comm\/win64\/ShipTrackingUsingAISSignalsExample_05.png",
        "exampleType" : "Live Script",
        "supporting_files" : 
        [ "ais_capture.bb",
          "AISFlowDiagram.png",
          "AISPacket.png",
          "AIS_PHY.png",
          "sdrrShipsOnMap.png",
          "sdrrTrackedShipsOnViewer.png",
          "helperAISConfig.m",
          "helperAISRxPhy.m",
          "helperAISRxPhyBitParser.m",
          "helperAISRxPhyFreqComp.m",
          "helperAISRxPhyPacketSearch.m",
          "helperAISUserInput.m",
          "helperAISViewer.m",
          "helperAISRxPhySyncDemod.m",
          "helperAISController.m",
          "helperAISSyncGen.m",
          "ship.png",
          "defaultInputs.mat",
          "AISExampleApp.m",
          "runAISReceiver.m",
          "AISFieldNames.m",
          "SignalSourceController.m",
          "ExampleController.m",
          "LogDataController.m",
          "helperFindUSRPRadio.m" ],
        "docid_links" : 
        [ 
          { "docid" : "comm_ref#bvbbo5v-1",
            "target" : "..\/..\/comm\/ref\/comm.basebandfilereader-system-object.html" },
          
          { "docid" : "plutoradio_ug#mw_rtc_ShipTrackingUsingAISSignalsExample_M_40E379FE",
            "target" : "ug\/ship-tracking-using-ais-signals-2.html#mw_rtc_ShipTrackingUsingAISSignalsExample_M_40E379FE" } ] },
      
      { "name" : "SpectralAnalysisSimulinkExample",
        "component" : "comm",
        "title" : "Spectrum Analysis of Signals in Simulink",
        "description" : "Use Simulink® and Communications Toolbox™ to perform spectrum analysis of the downstream signals. You can tune the radio to a band where a signal is present by changing the center frequency. You can then use the spectrum analyzer to view and make measurements on the received spectrum. You can either use recorded data from a file, or receive over-the-air signals in real time using an RTL-SDR radio, ADALM-PLUTO radio, or USRP™ radio.",
        "relative_path" : 
        [ "ug\/spectral-analysis-with-adalm-pluto-radio-simulink.html" ],
        "thumbnail" : "matlab\/help\/examples\/comm\/win64\/SpectralAnalysisSimulinkExample_02.png",
        "exampleType" : "Model",
        "supporting_files" : 
        [ "spectralAnalysis.slx",
          "spectrum_capture.bb",
          "helperSpectralAnalysisConfig.m",
          "sdruExampleSetAvailableRadio.m",
          "sdruExampleFindRadio.m" ],
        "docid_links" : 
        [ 
          { "docid" : "comm_ug#sdrexample-spectrum-analysis",
            "target" : "..\/..\/comm\/ug\/spectrum-analysis-of-signals.html" } ] },
      
      { "name" : "SpectrumAnalysisExample",
        "component" : "comm",
        "title" : "Spectrum Analysis of Signals",
        "description" : "Downstream spectrum analysis of signals using MATLAB®, Communications Toolbox™ and DSP System Toolbox™. You can either use captured signals, or receive signals in real time using the RTL-SDR Radio, ADALM-PLUTO Radio or USRP™ Radio. You can change the radio's center frequency to tune the radio to a band where a signal is present. You can then use the spectrum analyzer to view and make measurements on the received spectrum.",
        "relative_path" : 
        [ "ug\/spectral-analysis-with-adalm-pluto-radio.html" ],
        "thumbnail" : "matlab\/help\/examples\/comm\/win64\/SpectrumAnalysisExample_01.png",
        "exampleType" : "Live Script",
        "supporting_files" : 
        [ "helperSpectralAnalysisConfig.m",
          "helperSpectralAnalysisController.m",
          "helperSpectralAnalysisUserInput.m",
          "ExampleController.m",
          "SignalSourceController.m",
          "spectrum_capture.bb",
          "defaultInputSpecAnalysis.mat",
          "LogDataController.m",
          "helperFindUSRPRadio.m",
          "ExampleSourceType.m" ],
        "docid_links" : 
        [ 
          { "docid" : "comm_ug#sdrexample-SpectralAnalysisSimulink",
            "target" : "..\/..\/comm\/ug\/spectral-analysis-of-signals-in-simulink.html" } ] },
      
      { "name" : "SpectrumSensingWithDeepLearning5GLTEExample",
        "component" : "deeplearning_shared",
        "title" : "Spectrum Sensing with Deep Learning to Identify 5G and LTE Signals",
        "description" : "Train a semantic segmentation network using deep learning for spectrum monitoring. One of the uses of spectrum monitoring is to characterize spectrum occupancy. The neural network in this example is trained to identify 5G NR and LTE signals in a wideband spectrogram.",
        "relative_path" : 
        [ "ug\/spectrum-sensing-with-deep-learning-to-identify-5g-lte-signals.html" ],
        "thumbnail" : "matlab\/help\/examples\/deeplearning_shared\/win64\/SpectrumSensingWithDeepLearning5GLTEExample_10.png",
        "exampleType" : "Live Script",
        "supporting_files" : 
        [ "helperSpecSenseDisplayIdentifiedSignals.m",
          "helperSpecSenseDisplayResults.m",
          "helperSpecSenseDownloadData.m",
          "helperSpecSenseLTESignal.m",
          "helperSpecSenseNRSignal.m",
          "helperSpecSensePartitionData.m",
          "helperSpecSenseTrainingData.m",
          "helperIsPlutoSDRInstalled.m",
          "helperSpecSenseSpectrogramImage.m",
          "lte_capture_result1.png",
          "lte_capture_result2.png",
          "nr_capture_result1.png",
          "nr_capture_result2.png" ],
        "docid_links" : 
        [ 
          { "docid" : "5g_ref#mw_sysobj_nrCDLChannel",
            "target" : "..\/..\/5g\/ref\/nrcdlchannel-system-object.html" },
          
          { "docid" : "lte_ref#bt3f52s",
            "target" : "..\/..\/lte\/ref\/ltefadingchannel.html" },
          
          { "docid" : "matlab_ref#butueui-1",
            "target" : "..\/..\/matlab\/ref\/matlab.io.datastore.imagedatastore.html" },
          
          { "docid" : "vision_ref#mw_c2246553-ba4a-4bad-aad4-6ab8fa2f7f2d",
            "target" : "..\/..\/vision\/ref\/pixellabeldatastore.html" },
          
          { "docid" : "vision_ref#mw_1c600e69-1a15-4538-9629-7bceaafbd4e7",
            "target" : "..\/..\/vision\/ref\/pixellabelimagedatastore.counteachlabel.html" },
          
          { "docid" : "plutoradio_ug#mw_rtc_SpectrumSensingWithDeepLearning5GLTEExample_H_0F7CF551",
            "target" : "ug\/spectrum-sensing-with-deep-learning-to-identify-5g-lte-signals.html#SpectrumSensingWithDeepLearning5GLTEExample-7" },
          
          { "docid" : "vision_ref#mw_1db5f1f7-c311-4115-b0df-54380c77c01c",
            "target" : "..\/..\/vision\/ref\/deeplabv3pluslayers.html" },
          
          { "docid" : "nnet_ref#mw_7e914435-71af-41f7-9ec9-8f2092892982",
            "target" : "..\/..\/deeplearning\/ref\/resnet50.html" },
          
          { "docid" : "nnet_ref#mw_219eb8df-d140-434a-ac88-ec6b5f41da47",
            "target" : "..\/..\/deeplearning\/ref\/dagnetwork.html" },
          
          { "docid" : "vision_ref#mw_783aebd8-1ff1-4bc6-8508-90c8b71fca32",
            "target" : "..\/..\/vision\/ref\/nnet.cnn.layer.pixelclassificationlayer.html" },
          
          { "docid" : "nnet_ref#bu59f0q",
            "target" : "..\/..\/deeplearning\/ref\/trainingoptions.html" },
          
          { "docid" : "nnet_ref#mw_11ce840f-eed7-4975-9c28-baeebd79f092",
            "target" : "..\/..\/deeplearning\/ref\/experimentmanager-app.html" },
          
          { "docid" : "vision_ref#mw_bbecb1af-a6c9-43d1-91f5-48607edc15d1",
            "target" : "..\/..\/vision\/ref\/semanticseg.html" },
          
          { "docid" : "vision_ref#mw_ec14c36c-b93d-4fde-8512-ea7d51651b89",
            "target" : "..\/..\/vision\/ref\/evaluatesemanticsegmentation.html" },
          
          { "docid" : "lte_ug#example-SIB1RecoveryExample",
            "target" : "..\/..\/lte\/ug\/cell-search-mib-and-sib1-recovery.html" },
          
          { "docid" : "5g_ug#mw_a4db8282-8f25-4802-8b02-548bab69b7dd",
            "target" : "..\/..\/5g\/ug\/nr-cell-search-and-mib-and-sib1-recovery.html" } ] },
      
      { "name" : "LTEReceiverUsingSDRExample",
        "component" : "lte",
        "title" : "LTE Receiver Using Software Defined Radio",
        "description" : "Recover the master information block (MIB) and basic system information from an over-the-air LTE downlink (DL) waveform. This example also shows how to receive an LTE waveform using a software-defined radio (SDR) with single or multiple antennas.",
        "relative_path" : 
        [ "ug\/lte-receiver-using-sdr-pluto.html" ],
        "thumbnail" : "matlab\/help\/examples\/lte\/win64\/LTEReceiverUsingSDRExample_01.png",
        "exampleType" : "Live Script",
        "supporting_files" : 
        [ "capturedLTERCDLWaveform.mat",
          "hGetUSRPRateInformation.m" ],
        "docid_links" : 
        [ 
          { "docid" : "lte_ug#example-SIB1RecoveryExample",
            "target" : "..\/..\/lte\/ug\/cell-search-mib-and-sib1-recovery.html" },
          
          { "docid" : "lte_ug#example-LTETransmitterUsingSDRExample",
            "target" : "..\/..\/lte\/ug\/lte-transmitter-using-software-defined-radio-sdr.html" },
          
          { "docid" : "xilinxzynqbasedradio_ug#mw_e3e5b41b-fd4c-4165-82a0-6f2281fe2e61",
            "target" : "..\/..\/supportpkg\/xilinxzynqbasedradio\/ug\/comm.sdrrxad936x-system-object.html" },
          
          { "docid" : "lte_ug#example-LTETransmitterUsingSDRExample",
            "target" : "..\/..\/lte\/ug\/lte-transmitter-using-software-defined-radio-sdr.html" },
          
          { "docid" : "lte_ug#example-SIB1RecoveryExample",
            "target" : "..\/..\/lte\/ug\/cell-search-mib-and-sib1-recovery.html" },
          
          { "docid" : "plutoradio_ug#bvn89q2-68",
            "target" : "ug\/common-problems-and-fixes.html" },
          
          { "docid" : "usrpembeddedseriesradio_ug#bu1kohy-57",
            "target" : "..\/..\/supportpkg\/usrpembeddedseriesradio\/ug\/common-problems-and-fixes.html" },
          
          { "docid" : "xilinxzynqbasedradio_ug#bu1kohy-57",
            "target" : "..\/..\/supportpkg\/xilinxzynqbasedradio\/ug\/common-problems-and-fixes.html" },
          
          { "docid" : "usrpradio_ug#bud4heb-1",
            "target" : "..\/..\/supportpkg\/usrpradio\/ug\/common-problems-and-fixes.html" } ] },
      
      { "name" : "LTETransmitterUsingSDRExample",
        "component" : "lte",
        "title" : "LTE Transmitter Using Software Defined Radio",
        "description" : "Generate a reference measurement channel (RMC) downlink (DL) LTE waveform suitable for over-the-air transmission. This example also shows how to use a software-defined radio (SDR) to transmit the generated waveform using single or multiple antennas.",
        "relative_path" : 
        [ "ug\/lte-transmitter-using-sdr-pluto.html" ],
        "thumbnail" : "matlab\/help\/examples\/lte\/win64\/LTETransmitterUsingSDRExample_01.png",
        "exampleType" : "Live Script",
        "supporting_files" : 
        [ "hGetUSRPRateInformation.m",
          "hPlotDLResourceGrid.m" ],
        "docid_links" : 
        [ 
          { "docid" : "lte_ref#bt24_40",
            "target" : "..\/..\/lte\/ref\/ltermcdltool.html" },
          
          { "docid" : "lte_ref#bt24_40",
            "target" : "..\/..\/lte\/ref\/ltermcdltool.html" },
          
          { "docid" : "matlab_ref#bujy28i-1",
            "target" : "..\/..\/matlab\/ref\/try.html" },
          
          { "docid" : "lte_ug#example-LTEReceiverUsingSDRExample",
            "target" : "..\/..\/lte\/ug\/lte-receiver-using-software-defined-radio-sdr.html" },
          
          { "docid" : "plutoradio_ug#bvn89q2-68",
            "target" : "ug\/common-problems-and-fixes.html" },
          
          { "docid" : "usrpembeddedseriesradio_ug#bu1kohy-57",
            "target" : "..\/..\/supportpkg\/usrpembeddedseriesradio\/ug\/common-problems-and-fixes.html" },
          
          { "docid" : "xilinxzynqbasedradio_ug#bu1kohy-57",
            "target" : "..\/..\/supportpkg\/xilinxzynqbasedradio\/ug\/common-problems-and-fixes.html" },
          
          { "docid" : "usrpradio_ug#bud4heb-1",
            "target" : "..\/..\/supportpkg\/usrpradio\/ug\/common-problems-and-fixes.html" } ] },
      
      { "name" : "SDRImageTransmissionReceptionUsingLTEWaveformExample",
        "component" : "lte",
        "title" : "Image Transmission and Reception Using LTE Waveform and SDR",
        "description" : "Transmit and receive an image using an LTE waveform and a software-defined radio (SDR). The example generates a single or multi-antenna LTE waveform for simultaneous transmission and reception on a single SDR platform. During waveform generation, the example encodes and packs an image into a radio frame. Then, on reception, the example decodes the image from the received LTE waveform.",
        "relative_path" : 
        [ "ug\/transmission-and-reception-of-an-image-using-lte-toolbox-and-a-single-pluto-radio.html" ],
        "thumbnail" : "matlab\/help\/examples\/lte\/win64\/SDRImageTransmissionReceptionUsingLTEWaveformExample_06.png",
        "exampleType" : "Live Script",
        "supporting_files" : 
        [ "hPlotPositions.m" ],
        "docid_links" : 
        [ 
          { "docid" : "lte_ref#bt260sg",
            "target" : "..\/..\/lte\/ref\/ltermcdl.html" },
          
          { "docid" : "plutoradio_ug#mw_rtc_SDRImageTransmissionReceptionUsingLTEWaveformExample_M_2F5DE27E",
            "target" : "ug\/transmission-and-reception-of-an-image-using-lte-toolbox-and-a-single-pluto-radio.html#mw_rtc_SDRImageTransmissionReceptionUsingLTEWaveformExample_M_2F5DE27E" },
          
          { "docid" : "lte_ref#bt24_40",
            "target" : "..\/..\/lte\/ref\/ltermcdltool.html" },
          
          { "docid" : "plutoradio_ug#mw_rtc_SDRImageTransmissionReceptionUsingLTEWaveformExample_M_8889D854",
            "target" : "ug\/transmission-and-reception-of-an-image-using-lte-toolbox-and-a-single-pluto-radio.html#mw_rtc_SDRImageTransmissionReceptionUsingLTEWaveformExample_M_8889D854" },
          
          { "docid" : "plutoradio_ug#mw_rtc_SDRImageTransmissionReceptionUsingLTEWaveformExample_M_63764520",
            "target" : "ug\/transmission-and-reception-of-an-image-using-lte-toolbox-and-a-single-pluto-radio.html#mw_rtc_SDRImageTransmissionReceptionUsingLTEWaveformExample_M_63764520" },
          
          { "docid" : "plutoradio_ug#bvn89q2-68",
            "target" : "ug\/common-problems-and-fixes.html" },
          
          { "docid" : "usrpembeddedseriesradio_ug#bu1kohy-57",
            "target" : "..\/..\/supportpkg\/usrpembeddedseriesradio\/ug\/common-problems-and-fixes.html" },
          
          { "docid" : "xilinxzynqbasedradio_ug#bu1kohy-57",
            "target" : "..\/..\/supportpkg\/xilinxzynqbasedradio\/ug\/common-problems-and-fixes.html" } ] },
      
      { "name" : "CaptureRFDataToBasebandFileUsingADALMPLUTORadioExample",
        "component" : "plutoradio",
        "title" : "Capture RF Data to Baseband File Using ADALM-PLUTO Radio",
        "description" : "Use the capture function and an ADALM-PLUTO radio to record RF signals for post-capture processing in MATLAB®. Save an FM broadcast signal to a file as baseband samples. Read the file containing the recorded signal and demodulate the baseband samples.",
        "relative_path" : 
        [ "ref\/comm.sdrrxpluto-system-object.html",
          "ref\/plutoradio.sdrrxpluto.capture.html",
          "ug\/capture-rf-data-to-baseband-file-using-adalm-pluto-radio.html" ],
        "thumbnail" : "matlab\/help\/includes\/product\/images\/doc_center\/DefaultImage.png",
        "exampleType" : "Live Script",
        "docid_links" : 
        [ 
          { "docid" : "plutoradio_ug#bvn89q2-14",
            "target" : "ug\/guided-host-radio-hardware-setup.html" },
          
          { "docid" : "plutoradio_ref#bvusb68-1",
            "target" : "ref\/configureplutoradio.html" },
          
          { "docid" : "comm_ref#bvbbo5v-1",
            "target" : "..\/..\/comm\/ref\/comm.basebandfilereader-system-object.html" },
          
          { "docid" : "comm_ref#bum7iwn-1",
            "target" : "..\/..\/comm\/ref\/comm.fmbroadcastdemodulator-system-object.html" } ] },
      
      { "name" : "CreateReceiverSystemObjectAndReceiveDataOnSingleChannelExample",
        "component" : "plutoradio",
        "title" : "Create Receiver System Object and Receive Data on Single Channel",
        "description" : "Configure an ADALM-PLUTO radio with the RadioID property set to 0. Set the radio to receive at 2.5 GHz with a baseband rate of 1 MHz. Save the data using a log.",
        "relative_path" : 
        [ "ref\/comm.sdrrxpluto-system-object.html" ],
        "thumbnail" : "matlab\/help\/includes\/product\/images\/doc_center\/DefaultImage.png",
        "exampleType" : "Live Script" },
      
      { "name" : "FrequencyCorrectionForADALMPLUTORadioExample",
        "component" : "plutoradio",
        "title" : "Frequency Correction for ADALM-PLUTO Radio",
        "description" : "Synchronize both the baseband sample rate and the center frequency of two PlutoSDRs by using the FrequencyCorrection property of comm.SDRRxPluto and comm.SDRTxPluto.",
        "relative_path" : 
        [ "ug\/frequency-correction-for-adalm-pluto-radio.html" ],
        "thumbnail" : "matlab\/help\/examples\/plutoradio\/win64\/FrequencyCorrectionForADALMPLUTORadioExample_04.png",
        "exampleType" : "Script",
        "docid_links" : 
        [ 
          { "docid" : "plutoradio_ug#bvn89q2-14",
            "target" : "ug\/guided-host-radio-hardware-setup.html" } ] },
      
      { "name" : "FrequencyCorrectionForADALMPLUTORadioInSimulinkExample",
        "component" : "plutoradio",
        "title" : "Frequency Correction for ADALM-PLUTO Radio in Simulink",
        "description" : "Synchronize both the baseband sample rate and the center frequency of two PlutoSDRs by using the Frequency correction parameter of the ADALM-PLUTO Radio Receiver block.",
        "relative_path" : 
        [ "ug\/frequency-correction-for-adalm-pluto-radio-in-simulink.html" ],
        "thumbnail" : "matlab\/help\/examples\/plutoradio\/win64\/FrequencyCorrectionForADALMPLUTORadioInSimulinkExample_01.png",
        "exampleType" : "Script",
        "supporting_files" : 
        [ "plutoradioFrequencyCorrectionRx.slx" ] },
      
      { "name" : "FrequencyOffsetCalibrationWithADALMPLUTORadioSimulinkExample",
        "component" : "plutoradio",
        "title" : "Frequency Offset Calibration with ADALM-PLUTO Radio in Simulink",
        "description" : "These two models show how to determine the relative frequency offset between two ADALM-PLUTO radios.",
        "relative_path" : 
        [ "ug\/frequency-offset-calibration-with-adalm-pluto-radio-simulink.html" ],
        "thumbnail" : "matlab\/help\/examples\/plutoradio\/win64\/plutoradiofreqcalibspectrum.png",
        "exampleType" : "Model",
        "supporting_files" : 
        [ "plutoradiofreqcalib.slx",
          "plutoradiofreqcalib_rx.slx",
          "plutoradiofreqcalibspectrum.png" ] },
      
      { "name" : "GetADALMPLUTORadioInformationExample",
        "component" : "plutoradio",
        "title" : "Get ADALM-PLUTO Radio Information",
        "description" : "Use the info object function to get information from the connected ADALM-PLUTO radio. The actual values used in the radio are shown by info and can be vary slightly from the values specified in the object.",
        "relative_path" : 
        [ "ref\/comm.sdrrxpluto-system-object.html",
          "ref\/plutoradio.sdrrxpluto.info.html" ],
        "thumbnail" : "matlab\/help\/includes\/product\/images\/doc_center\/DefaultImage.png",
        "exampleType" : "Live Script",
        "docid_links" : 
        [ 
          { "docid" : "plutoradio_ref#bvn853n-1",
            "target" : "ref\/plutoradio.sdrrxpluto.info.html" } ] },
      
      { "name" : "QPSKReceiverWithADALMPLUTORadioExample",
        "component" : "plutoradio",
        "title" : "QPSK Receiver with ADALM-PLUTO Radio",
        "description" : "Use the ADALM-PLUTO Radio System objects to implement a QPSK receiver. The receiver addresses practical issues in wireless communications, such as carrier frequency and phase offset, timing offset and frame synchronization. This system receives the signal sent by the QPSK Transmitter with ADALM-PLUTO Radio example. The receiver demodulates the received symbols and prints a simple message to the MATLAB® command line.",
        "relative_path" : 
        [ "ug\/qpsk-receiver-with-adalm-pluto-radio.html" ],
        "thumbnail" : "matlab\/help\/includes\/product\/images\/doc_center\/DefaultImage.png",
        "exampleType" : "Script",
        "supporting_files" : 
        [ "QPSKDataDecoder.m",
          "QPSKReceiver.m",
          "plutoradioqpskreceiver_init.m",
          "runPlutoradioQPSKReceiver.m",
          "FrameSynchronizer.m" ],
        "docid_links" : 
        [ 
          { "docid" : "plutoradio_ug#example-plutoradioQPSKReceiverSimulinkExample",
            "target" : "ug\/qpsk-receiver-with-adalm-pluto-radio-1.html" } ] },
      
      { "name" : "QPSKReceiverWithADALMPLUTORadioSimulinkExample",
        "component" : "plutoradio",
        "title" : "QPSK Receiver with ADALM-PLUTO Radio in Simulink",
        "description" : "How to use the the ADALM-PLUTO Radio with Simulink® to implement a QPSK receiver. The receiver addresses practical issues in wireless communications, e.g. carrier frequency and phase offset, timing offset and frame synchronization. This model receives the signal sent by the QPSK Transmitter with ADALM-PLUTO Radio model. The receiver demodulates the received symbols and outputs a simple message to the MATLAB® command line.",
        "relative_path" : 
        [ "ug\/qpsk-receiver-with-adalm-pluto-radio-1.html" ],
        "thumbnail" : "matlab\/help\/examples\/plutoradio\/win64\/QPSKReceiverWithADALMPLUTORadioSimulinkExample_01.png",
        "exampleType" : "Model",
        "supporting_files" : 
        [ "plutoradioQPSKReceiverSimulinkExample.slx",
          "plutoradioqpskreceiver_init.m",
          "FrameSynchronizer.m" ] },
      
      { "name" : "QPSKTransmitterWithADALMPLUTORadioExample",
        "component" : "plutoradio",
        "title" : "QPSK Transmitter with ADALM-PLUTO Radio",
        "description" : "Use the ADALM-PLUTO Radio System objects to implement a QPSK transmitter. The ADALM-PLUTO radio in this system will keep transmitting indexed \"Hello world\" messages at its specified center frequency. You can demodulate the transmitted message using the QPSK Receiver with ADALM-PLUTO Radio example. This example assumes that two ADALM-PLUTO radios are attached to your computer.",
        "relative_path" : 
        [ "ug\/qpsk-transmitter-with-adalm-pluto-radio.html" ],
        "thumbnail" : "matlab\/help\/includes\/product\/images\/doc_center\/DefaultImage.png",
        "exampleType" : "Live Script",
        "supporting_files" : 
        [ "QPSKTransmitter.m",
          "plutoradioqpsktransmitter_init.m",
          "runPlutoradioQPSKTransmitter.m",
          "QPSKBitsGenerator.m" ] },
      
      { "name" : "QPSKTransmitterWithADALMPLUTORadioSimulinkExample",
        "component" : "plutoradio",
        "title" : "QPSK Transmitter with ADALM-PLUTO Radio in Simulink",
        "description" : "How to use the ADALM-PLUTO Radio with Simulink® to implement a QPSK transmitter. The ADALM-PLUTO Radio in this model will keep transmitting indexed 'Hello world' messages at its specified center frequency. You can demodulate the transmitted message using the QPSK Receiver with ADALM-PLUTO Radio model. This example assumes that two ADALM-PLUTO Radios are attached to your computer.",
        "relative_path" : 
        [ "ug\/qpsk-transmitter-with-adalm-pluto-radio-1.html" ],
        "thumbnail" : "matlab\/help\/examples\/plutoradio\/win64\/QPSKTransmitterWithADALMPLUTORadioSimulinkExample_01.png",
        "exampleType" : "Model",
        "supporting_files" : 
        [ "plutoradioqpsktransmitter_init.m",
          "plutoradioQPSKTransmitterSimulinkExample.slx" ] },
      
      { "name" : "UsingFrequencyCorrectionWithOneADALMPLUTORadioExample",
        "component" : "plutoradio",
        "title" : "Using Frequency Correction with One ADALM-PLUTO Radio",
        "description" : "When transmitting and receiving using one ADALM-PLUTO radio, individual transmitter and receiver objects use the same underlying radio hardware setting for frequency correction. Create separate ADALM-PLUTO radio System objects with default settings for the transmitter and receiver.",
        "relative_path" : 
        [ "ref\/comm.sdrrxpluto-system-object.html" ],
        "thumbnail" : "matlab\/help\/includes\/product\/images\/doc_center\/DefaultImage.png",
        "exampleType" : "Live Script" },
      
      { "name" : "SDRImageTransmissionReceptionUsing80211WaveformExample",
        "component" : "wlan",
        "title" : "Image Transmission and Reception Using 802.11 Waveform and SDR",
        "description" : "Encode and pack an image file into WLAN packets for transmission and subsequently decode the packets to retrieve the image. The example also shows how to use a software-defined radio (SDR) for over-the-air transmission and reception of the WLAN packets.",
        "relative_path" : 
        [ "ug\/transmission-and-reception-of-an-image-using-wlan-system-toolbox-and-a-single-pluto-radio.html" ],
        "thumbnail" : "matlab\/help\/examples\/wlan\/win64\/SDRImageTransmissionReceptionUsing80211WaveformExample_07.png",
        "exampleType" : "Live Script",
        "supporting_files" : 
        [ "helperInterpretLSIG.m" ],
        "docid_links" : 
        [ 
          { "docid" : "wlan_ref#mw_9f2e549d-99ee-49ae-b9c3-3a78e29a6c1a",
            "target" : "..\/..\/wlan\/ref\/wlanmacframe.html" },
          
          { "docid" : "wlan_ref#mw_a004c76e-748e-42b5-84b2-360a063ea1f9",
            "target" : "..\/..\/wlan\/ref\/wlanmacframeconfig.html" },
          
          { "docid" : "wlan_ref#buwv1f3",
            "target" : "..\/..\/wlan\/ref\/wlanwaveformgenerator.html" },
          
          { "docid" : "wlan_ref#mw_function_wlanMPDUDecode",
            "target" : "..\/..\/wlan\/ref\/wlanmpdudecode.html" },
          
          { "docid" : "plutoradio_doccenter#bvn85h5-16",
            "target" : "installation-and-setup.html" },
          
          { "docid" : "plutoradio_ug#bvn89q2-7",
            "target" : "ug\/supported-hardware-and-required-software.html#bvn89q2-7" },
          
          { "docid" : "usrpembeddedseriesradio_doccenter#bvh3g86-1",
            "target" : "..\/..\/supportpkg\/usrpembeddedseriesradio\/installation-and-setup.html" },
          
          { "docid" : "usrpembeddedseriesradio_ug#bu1kohy-7",
            "target" : "..\/..\/supportpkg\/usrpembeddedseriesradio\/ug\/hardware-and-software-requirements.html#bu1kohy-7" },
          
          { "docid" : "xilinxzynqbasedradio_doccenter#bu1klmu-2",
            "target" : "..\/..\/supportpkg\/xilinxzynqbasedradio\/installation-and-setup.html" },
          
          { "docid" : "xilinxzynqbasedradio_ug#bu1kohy-7",
            "target" : "..\/..\/supportpkg\/xilinxzynqbasedradio\/ug\/hardware-and-software-requirements.html#bu1kohy-7" },
          
          { "docid" : "wlan_ref#buw6f2v",
            "target" : "..\/..\/wlan\/ref\/wlannonhtconfig.html" },
          
          { "docid" : "comm_ref#fp1221678",
            "target" : "..\/..\/comm\/ref\/awgn.html" },
          
          { "docid" : "dsp_ref#bu36evg-1",
            "target" : "..\/..\/dsp\/ref\/designmultiratefir.html" },
          
          { "docid" : "dsp_ref#bsfxw06_5",
            "target" : "..\/..\/dsp\/ref\/dsp.firrateconverter-system-object.html" },
          
          { "docid" : "plutoradio_ug#mw_rtc_SDRImageTransmissionReceptionUsing80211WaveformExample_M_E4A20069",
            "target" : "ug\/transmission-and-reception-of-an-image-using-wlan-system-toolbox-and-a-single-pluto-radio.html#mw_rtc_SDRImageTransmissionReceptionUsing80211WaveformExample_M_E4A20069" },
          
          { "docid" : "plutoradio_ug#mw_rtc_SDRImageTransmissionReceptionUsing80211WaveformExample_M_E4A20069",
            "target" : "ug\/transmission-and-reception-of-an-image-using-wlan-system-toolbox-and-a-single-pluto-radio.html#mw_rtc_SDRImageTransmissionReceptionUsing80211WaveformExample_M_E4A20069" },
          
          { "docid" : "plutoradio_ug#mw_rtc_SDRImageTransmissionReceptionUsing80211WaveformExample_M_C64FF99E",
            "target" : "ug\/transmission-and-reception-of-an-image-using-wlan-system-toolbox-and-a-single-pluto-radio.html#mw_rtc_SDRImageTransmissionReceptionUsing80211WaveformExample_M_C64FF99E" },
          
          { "docid" : "plutoradio_ug#mw_rtc_SDRImageTransmissionReceptionUsing80211WaveformExample_M_061064CA",
            "target" : "ug\/transmission-and-reception-of-an-image-using-wlan-system-toolbox-and-a-single-pluto-radio.html#mw_rtc_SDRImageTransmissionReceptionUsing80211WaveformExample_M_061064CA" },
          
          { "docid" : "plutoradio_ug#mw_rtc_SDRImageTransmissionReceptionUsing80211WaveformExample_M_62368931",
            "target" : "ug\/transmission-and-reception-of-an-image-using-wlan-system-toolbox-and-a-single-pluto-radio.html#mw_rtc_SDRImageTransmissionReceptionUsing80211WaveformExample_M_62368931" },
          
          { "docid" : "plutoradio_ug#bvn89q2-68",
            "target" : "ug\/common-problems-and-fixes.html" },
          
          { "docid" : "usrpembeddedseriesradio_ug#bu1kohy-57",
            "target" : "..\/..\/supportpkg\/usrpembeddedseriesradio\/ug\/common-problems-and-fixes.html" },
          
          { "docid" : "xilinxzynqbasedradio_ug#bu1kohy-57",
            "target" : "..\/..\/supportpkg\/xilinxzynqbasedradio\/ug\/common-problems-and-fixes.html" } ] } ] }